Function,Generations,Population Size,Step Size,Best Fitness,Worst Fitness,Standard Deviation,Elapsed Time
rastrigin_modified,5,5,0.1,65.6432860949954,65.6432860949954,0.0,0.0010001659393310547
rastrigin_modified,5,5,0.2,85.68627979442883,85.68627979442883,1.346718223552034,0.002000570297241211
rastrigin_modified,5,5,0.5,33.03822767791415,41.64331922723449,3.442036619728137,0.0009999275207519531
rastrigin_modified,5,5,1.0,18.656361063720002,26.642816528654265,1.0844620312921565,0.0010004043579101562
rastrigin_modified,5,5,1.5,12.90694141844899,27.320512578066946,7.1468295487133355,0.0010004043579101562
rastrigin_modified,5,5,2.0,28.748958325500418,71.59180802569408,1.1725282434399502,0.0020003318786621094
rastrigin_modified,5,10,0.1,33.12172089090472,33.86802153035829,0.42586849613240285,0.0020003318786621094
rastrigin_modified,5,10,0.2,6.841426035807448,8.781155536834639,0.6281685592930204,0.0020008087158203125
rastrigin_modified,5,10,0.5,16.133942501114973,33.00629587402409,8.8620030894957,0.002000570297241211
rastrigin_modified,5,10,1.0,43.131257023446985,45.65246338033395,2.9660702272658876,0.0020003318786621094
rastrigin_modified,5,10,1.5,3.10600484011578,37.27376573601898,10.314655762784218,0.002000093460083008
rastrigin_modified,5,10,2.0,3.2365505930817484,18.861851631500144,6.517650027143605,0.0030007362365722656
rastrigin_modified,5,20,0.1,2.469520656413188,16.68744849457136,5.103231138028539,0.0030007362365722656
rastrigin_modified,5,20,0.2,0.8221324450436853,10.710429803455455,2.6815199837211847,0.004000663757324219
rastrigin_modified,5,20,0.5,21.155791226012518,40.20901375219236,5.542315570334287,0.004001617431640625
rastrigin_modified,5,20,1.0,1.1458716603868417,23.391944632472175,7.399520392239522,0.004001140594482422
rastrigin_modified,5,20,1.5,16.501018524776004,28.99769632159463,3.61308222226116,0.0030002593994140625
rastrigin_modified,5,20,2.0,6.592104696171299,29.46207558130954,6.456694650172083,0.0040013790130615234
rastrigin_modified,5,50,0.1,6.856190151132486,17.387647236565236,2.6002308159293337,0.010001182556152344
rastrigin_modified,5,50,0.2,3.043482289647528,12.07797174914025,2.4504238982091495,0.008002042770385742
rastrigin_modified,5,50,0.5,4.275010898000225,21.632661423825006,4.70750818340605,0.009002208709716797
rastrigin_modified,5,50,1.0,1.7972849572592864,28.603627101456453,7.522088464849511,0.009002447128295898
rastrigin_modified,5,50,1.5,0.3945898727263213,34.85340386633028,7.902562885976593,0.009001731872558594
rastrigin_modified,5,50,2.0,5.906499433547172,28.52527819694339,6.459067980648542,0.01000213623046875
rastrigin_modified,5,100,0.1,0.8392366245883451,10.247656738879451,2.1172943709851224,0.017004013061523438
rastrigin_modified,5,100,0.2,5.28054597588809,24.248743761676444,4.259322177494536,0.017003774642944336
rastrigin_modified,5,100,0.5,1.694791868870169,41.00607253179058,6.882924721089943,0.017004013061523438
rastrigin_modified,5,100,1.0,1.8745133044117779,30.803457750740726,7.183130532611617,0.017004013061523438
rastrigin_modified,5,100,1.5,2.6620322813298856,34.62823052202724,6.182108691644916,0.019004344940185547
rastrigin_modified,5,100,2.0,0.09082064102937437,28.125216118608588,5.372518489039783,0.01800394058227539
rastrigin_modified,10,5,0.1,57.49740696632564,94.66701671644098,0.0,0.0030007362365722656
rastrigin_modified,10,5,0.2,23.065682564365275,23.16685147231635,3.8188662567601397,0.003000497817993164
rastrigin_modified,10,5,0.5,17.777594881858214,38.22948019714329,8.18075412611403,0.004001140594482422
rastrigin_modified,10,5,1.0,36.99045363289089,40.031552636410154,0.0,0.003000497817993164
rastrigin_modified,10,5,1.5,35.93395158392961,35.93395158392961,0.0,0.003000497817993164
rastrigin_modified,10,5,2.0,29.67733319103617,33.417933272312375,0.0,0.0050008296966552734
rastrigin_modified,10,10,0.1,10.937768865776894,19.69787693469549,1.3957848057945608,0.006001472473144531
rastrigin_modified,10,10,0.2,4.253873861542317,11.567935970864985,2.5895484397121318,0.007001638412475586
rastrigin_modified,10,10,0.5,3.564625690740556,18.7235552515084,4.547678868230353,0.00600123405456543
rastrigin_modified,10,10,1.0,2.121273194839901,21.822663135816484,5.830872119951198,0.006001472473144531
rastrigin_modified,10,10,1.5,15.474044263080536,47.9209696205157,9.116067881482982,0.005001068115234375
rastrigin_modified,10,10,2.0,7.655076290538762,26.840222416235292,6.329680442455112,0.007001638412475586
rastrigin_modified,10,20,0.1,10.236072371679283,18.005545750475104,1.8552228878324781,0.009001970291137695
rastrigin_modified,10,20,0.2,19.95639121900893,23.320346904447533,0.7127509893714924,0.010002851486206055
rastrigin_modified,10,20,0.5,9.961812343200735,28.41134725447356,5.216833837732072,0.009002685546875
rastrigin_modified,10,20,1.0,2.5729362179681203,31.419414313216716,5.459907095887281,0.007001638412475586
rastrigin_modified,10,20,1.5,5.186318257821885,23.540226761726032,4.646765041588602,0.008002042770385742
rastrigin_modified,10,20,2.0,5.688837291019373,32.39275192761892,7.921596341041344,0.008001565933227539
rastrigin_modified,10,50,0.1,3.569986223616077,14.926242636094663,2.466987096109792,0.01800370216369629
rastrigin_modified,10,50,0.2,1.1044579639671994,17.47056903281687,2.694193965628447,0.01800370216369629
rastrigin_modified,10,50,0.5,1.047328244825458,18.342651677837303,4.012779381197882,0.019004344940185547
rastrigin_modified,10,50,1.0,0.2923374704332815,20.724771057190523,5.336294274278443,0.01800394058227539
rastrigin_modified,10,50,1.5,1.722668157216706,25.643786970825897,5.49498310155494,0.023005247116088867
rastrigin_modified,10,50,2.0,1.8920618029950091,22.23925276868374,4.937023575959768,0.03300738334655762
rastrigin_modified,10,100,0.1,1.0225078956749343,2.6214630002204444,0.3468742187902681,0.04401040077209473
rastrigin_modified,10,100,0.2,1.003245892262271,6.799069556145653,1.174078231702071,0.04300951957702637
rastrigin_modified,10,100,0.5,1.994205992180781,38.174699993789154,5.879547646874962,0.04400968551635742
rastrigin_modified,10,100,1.0,0.15141615121465435,20.24863658977481,4.3328875557948585,0.04601097106933594
rastrigin_modified,10,100,1.5,1.2202089894578236,22.794276525872142,5.378501874335682,0.03500795364379883
rastrigin_modified,10,100,2.0,0.037226625957849535,23.987311776199203,5.424093462585142,0.042009592056274414
rastrigin_modified,20,5,0.1,17.970630993456453,17.970630993456453,0.0,0.006001949310302734
rastrigin_modified,20,5,0.2,8.017759681993777,8.041213333935591,0.0,0.0050008296966552734
rastrigin_modified,20,5,0.5,9.330060039300191,9.330060039300191,0.0,0.0050008296966552734
rastrigin_modified,20,5,1.0,39.73713588043837,49.99797937302614,5.153410604860087,0.00400090217590332
rastrigin_modified,20,5,1.5,25.38807108026734,49.57942039128887,5.454125008165639,0.004001140594482422
rastrigin_modified,20,5,2.0,1.3198007381572978,1.3198007381572978,0.0,0.0050008296966552734
rastrigin_modified,20,10,0.1,12.39408849527467,17.585297156385387,0.7723472184620841,0.00800180435180664
rastrigin_modified,20,10,0.2,26.655479672316744,84.85419592048402,1.7208815468410315,0.007001399993896484
rastrigin_modified,20,10,0.5,5.805909111674705,24.5981394963856,7.743600072554066,0.008002996444702148
rastrigin_modified,20,10,1.0,16.206140037813803,33.77735618912024,6.019091073839686,0.009001016616821289
rastrigin_modified,20,10,1.5,1.369863979187521,22.464767457222468,6.627057399782246,0.008002042770385742
rastrigin_modified,20,10,2.0,0.039025644022615325,2.369414599131364,0.3831367333661582,0.009001731872558594
rastrigin_modified,20,20,0.1,4.992042761682082,5.963288495228944,0.25345033783319026,0.015003442764282227
rastrigin_modified,20,20,0.2,4.00744733934018,4.058621652714747,0.015352294012370038,0.015003442764282227
rastrigin_modified,20,20,0.5,5.256882409715558,21.06227256081959,3.8204256717721696,0.014003515243530273
rastrigin_modified,20,20,1.0,0.5535578481296994,10.504798744884013,2.3068770760225754,0.01400303840637207
rastrigin_modified,20,20,1.5,1.4283200048112974,5.2965487776023465,0.8430609155546269,0.013002872467041016
rastrigin_modified,20,20,2.0,3.3112725229042965,23.316098048874434,6.54011715568669,0.014003276824951172
rastrigin_modified,20,50,0.1,1.0074482640592564,2.3627322135204025,0.3057252072073524,0.03200817108154297
rastrigin_modified,20,50,0.2,9.900166957906428,15.097753901398445,0.7893111528159953,0.03300666809082031
rastrigin_modified,20,50,0.5,1.1009548668691842,24.72214274447136,5.709218603279187,0.03400731086730957
rastrigin_modified,20,50,1.0,0.011916708354615224,19.514123512277212,4.373131691049839,0.03400850296020508
rastrigin_modified,20,50,1.5,0.019399229551765984,20.231935767992734,4.596172694966697,0.03300666809082031
rastrigin_modified,20,50,2.0,1.1501759014552633,20.87592919290652,4.345953883284235,0.03300881385803223
rastrigin_modified,20,100,0.1,0.0076017884217449705,1.9892554979206452,0.3921774678237699,0.06501388549804688
rastrigin_modified,20,100,0.2,0.9990864341741919,6.627199359466205,1.1086531592229205,0.06601476669311523
rastrigin_modified,20,100,0.5,1.0030107732325746,20.444569772998122,4.135520484333632,0.06401515007019043
rastrigin_modified,20,100,1.0,0.04167240650759041,38.899121337814385,7.047535369398286,0.06701517105102539
rastrigin_modified,20,100,1.5,0.007153019633356905,20.050268037168983,3.783499119858412,0.07101702690124512
rastrigin_modified,20,100,2.0,0.02916030974116879,21.980588571467234,5.024854960831264,0.06801366806030273
rastrigin_modified,50,5,0.1,1.9941757964274345,1.9941757964274345,0.0,0.016003847122192383
rastrigin_modified,50,5,0.2,19.903880257254926,19.903880257254926,0.0,0.014003515243530273
rastrigin_modified,50,5,0.5,25.90041829631569,25.90041829631569,0.0,0.015003442764282227
rastrigin_modified,50,5,1.0,9.735095052863638,9.735095052863638,0.21218341589506762,0.00600123405456543
rastrigin_modified,50,5,1.5,3.3349185128651335,3.3349185128651335,0.7699811417089464,0.013002872467041016
rastrigin_modified,50,5,2.0,4.4414210007097665,11.300146905044448,2.7434903617338726,0.008002281188964844
rastrigin_modified,50,10,0.1,0.9954530595265751,3.060417503446075,0.6179170404819478,0.0200042724609375
rastrigin_modified,50,10,0.2,7.982797189622987,8.955004516832812,0.2916621981629474,0.015003204345703125
rastrigin_modified,50,10,0.5,24.984475116871156,27.71005587391728,0.9253911795046998,0.0200045108795166
rastrigin_modified,50,10,1.0,1.1869235782484857,18.8103229853039,5.681943825563511,0.018004417419433594
rastrigin_modified,50,10,1.5,0.17813570059514205,7.739969738715661,2.2688310615900975,0.0200045108795166
rastrigin_modified,50,10,2.0,9.199491059122874,30.758331233636042,8.092188508474369,0.009002208709716797
rastrigin_modified,50,20,0.1,1.99001485612186,4.865501748043425,0.6437285013656363,0.021004676818847656
rastrigin_modified,50,20,0.2,9.96690721414537,15.23253899276512,1.1537838621832104,0.03500795364379883
rastrigin_modified,50,20,0.5,5.006421198706276,23.2803513042481,4.123659831063869,0.041008949279785156
rastrigin_modified,50,20,1.0,0.21542720426675643,34.92780911803668,7.378756608208368,0.03900909423828125
rastrigin_modified,50,20,1.5,1.5427389310958652,20.80072018343712,5.583728408056057,0.03300786018371582
rastrigin_modified,50,20,2.0,0.017713850941284193,21.979605054219462,6.607887662425708,0.0380091667175293
rastrigin_modified,50,50,0.1,8.954616177577007,10.815631546462404,0.3933787166555575,0.08201837539672852
rastrigin_modified,50,50,0.2,0.9971940320665098,6.304973297181796,1.2611572192140488,0.0800178050994873
rastrigin_modified,50,50,0.5,0.9974577060393344,18.89565022583703,4.248145553659746,0.08201861381530762
rastrigin_modified,50,50,1.0,0.02767805092472031,20.09586010761455,4.759390756652066,0.07002544403076172
rastrigin_modified,50,50,1.5,0.03149205908269437,23.46617044694524,5.08315539696708,0.06800651550292969
rastrigin_modified,50,50,2.0,0.04134231936470201,26.294465973861577,7.756920227826196,0.08102703094482422
rastrigin_modified,50,100,0.1,0.000696771032835386,1.9356709586591343,0.4401662554642295,0.13802313804626465
rastrigin_modified,50,100,0.2,0.002025195894603371,6.325270560532955,1.1141255703560544,0.09502124786376953
rastrigin_modified,50,100,0.5,0.01229896823653931,20.075539250377588,4.797498315543427,0.21204829216003418
rastrigin_modified,50,100,1.0,0.01774322329706024,20.22135704140798,6.008107872907316,0.14603281021118164
rastrigin_modified,50,100,1.5,0.0023803835871802903,21.550444007791924,4.398025440623442,0.15203428268432617
rastrigin_modified,50,100,2.0,0.01749940335209743,22.000258535889618,4.659874949441839,0.10302305221557617
rastrigin_modified,100,5,0.1,33.843171146468784,33.92893096912754,0.0,0.012003660202026367
rastrigin_modified,100,5,0.2,25.072775490963846,25.861137547078688,0.23261157307562144,0.013002395629882812
rastrigin_modified,100,5,0.5,17.688570667560573,18.861977061506312,0.0,0.015003442764282227
rastrigin_modified,100,5,1.0,10.06482211138863,12.013670094189436,0.7795391931203227,0.011003494262695312
rastrigin_modified,100,5,1.5,4.452050399367689,17.081776324363073,5.051890369998153,0.00600123405456543
rastrigin_modified,100,5,2.0,10.568688386223979,20.392978247838393,3.6832181403750925,0.007001399993896484
rastrigin_modified,100,10,0.1,15.919984536689066,17.383853930513947,0.45006010434581967,0.013003110885620117
rastrigin_modified,100,10,0.2,2.031453125192826,4.976578168276809,1.0052093794239636,0.013002872467041016
rastrigin_modified,100,10,0.5,4.009173157997896,4.292745201588902,0.08297793635653061,0.015003681182861328
rastrigin_modified,100,10,1.0,2.1037827874827286,19.999538771703985,5.36835210531032,0.031005859375
rastrigin_modified,100,10,1.5,2.4907104080983586,28.89497905836261,7.169737101102153,0.008001089096069336
rastrigin_modified,100,10,2.0,9.616719412531177,18.985229755496665,1.773950851724468,0.009002685546875
rastrigin_modified,100,20,0.1,4.982982456626331,5.627203239006207,0.20279066052290534,0.021004676818847656
rastrigin_modified,100,20,0.2,26.11278266238899,35.5071091106689,1.5554542649182372,0.012003421783447266
rastrigin_modified,100,20,0.5,2.080790073926913,21.606308977895825,5.073544185143494,0.021004199981689453
rastrigin_modified,100,20,1.0,0.2456300073693427,15.544969319124743,4.666604124558672,0.03301715850830078
rastrigin_modified,100,20,1.5,4.194200865808922,33.46153038701863,7.510292370009852,0.025005578994750977
rastrigin_modified,100,20,2.0,2.31287027531452,26.142526973652828,7.214203109868761,0.020998477935791016
rastrigin_modified,100,50,0.1,4.974853895345307,6.250254179608017,0.2636635491081543,0.05801248550415039
rastrigin_modified,100,50,0.2,0.9951981170959776,7.209957033172579,1.307153543301496,0.0710134506225586
rastrigin_modified,100,50,0.5,1.51765137816259,22.666546841237256,5.576178753553879,0.047011375427246094
rastrigin_modified,100,50,1.0,0.029214716885924474,24.072777468865517,6.420801800179506,0.09202098846435547
rastrigin_modified,100,50,1.5,0.32399801403686723,40.21480164018314,6.821071253123455,0.06301426887512207
rastrigin_modified,100,50,2.0,0.21240027980546472,22.100772512238656,5.4853564072858125,0.10602355003356934
rastrigin_modified,100,100,0.1,0.9949964385382479,2.631259229961934,0.38297093655474146,0.19704437255859375
rastrigin_modified,100,100,0.2,0.002381357672284423,6.913626070671517,1.435129475011418,0.09702229499816895
rastrigin_modified,100,100,0.5,0.9992569353791652,22.221986042484758,4.350334406112668,0.1760411262512207
rastrigin_modified,100,100,1.0,0.005390326555094305,21.912412550491755,5.102106700698861,0.278062105178833
rastrigin_modified,100,100,1.5,0.012666034354413824,21.546175953151362,5.283286870309902,0.20304632186889648
rastrigin_modified,100,100,2.0,0.008983830835568085,21.901401440144966,5.671260190836513,0.12402796745300293
booth,5,5,0.1,118.77406265367223,118.77406265367223,1.4210854715202004e-14,0.0020003318786621094
booth,5,5,0.2,39.49446415403574,39.49446415403574,0.0,0.0010013580322265625
booth,5,5,0.5,206.8034890601875,407.58451555759825,95.87435274981318,0.0020003318786621094
booth,5,5,1.0,42.48326564915816,152.27346949911686,15.35753673449953,0.0009999275207519531
booth,5,5,1.5,38.05178199802593,38.05178199802593,1.0166392921858174,0.0009996891021728516
booth,5,5,2.0,66.11194822321131,103.40039795660307,14.63948163131099,0.002000570297241211
booth,5,10,0.1,12.15839628669107,12.33130336952153,0.05187212484913779,0.0020003318786621094
booth,5,10,0.2,29.37274726428523,30.669662348152833,0.3586386618130805,0.0020008087158203125
booth,5,10,0.5,5.699985206356272,7.0803872842134785,0.5653685096791098,0.0030002593994140625
booth,5,10,1.0,55.27705416707795,89.64469156723099,10.069008833157934,0.002000570297241211
booth,5,10,1.5,0.7552649562333736,13.727150279557383,3.7620036632996157,0.002001047134399414
booth,5,10,2.0,0.07127324716215318,0.6630679453579046,0.1775384094587254,0.0019998550415039062
booth,5,20,0.1,0.0691647271406723,19.766211959677467,1.1287689510457815,0.003000497817993164
booth,5,20,0.2,0.8656567177478532,2.0900058412325953,0.41796523589754087,0.0040013790130615234
booth,5,20,0.5,4.4115646296498685,36.08134778833685,3.7302392184963984,0.003000497817993164
booth,5,20,1.0,13.633085644290237,23.88302780204845,3.2569634717403972,0.0030007362365722656
booth,5,20,1.5,15.502807864285161,273.88338825981,89.51170629007575,0.00400090217590332
booth,5,20,2.0,12.72322970022427,96.4429507345296,6.017729134702812,0.003000497817993164
booth,5,50,0.1,0.9838404492785253,53.612167402473204,10.711714867749523,0.007001638412475586
booth,5,50,0.2,4.82549565103349,9.321976306717177,0.5226434297201961,0.008002042770385742
booth,5,50,0.5,1.047221097288725,16.668446374361288,3.484904110206875,0.007002115249633789
booth,5,50,1.0,0.2822076250652459,95.71596415216729,20.663956850528308,0.007001161575317383
booth,5,50,1.5,1.1468705821472671,26.54558594476721,5.870435283925084,0.008001565933227539
booth,5,50,2.0,1.0714686222098428,156.1292182712542,22.90255943518965,0.007001399993896484
booth,5,100,0.1,0.20309429909285504,8.820467169706847,2.2860786984190407,0.01500391960144043
booth,5,100,0.2,1.734671065310823,27.97577133984632,5.084901745237104,0.014003276824951172
booth,5,100,0.5,0.03045939541318882,72.91683007986485,9.26384251461008,0.01400303840637207
booth,5,100,1.0,0.07650235388789481,58.47262544002701,10.243339606191768,0.014003753662109375
booth,5,100,1.5,0.0855150152790213,220.79046046818127,40.96289178166786,0.015003442764282227
booth,5,100,2.0,0.19984067151903182,81.7742289335064,12.048777684410188,0.014003276824951172
booth,10,5,0.1,36.91801122450012,38.672874146213445,0.7019451686853301,0.0020008087158203125
booth,10,5,0.2,66.91693968292577,70.36102280272367,1.3896285759252518,0.002000570297241211
booth,10,5,0.5,21.63464749781096,44.14964069316764,4.061784708066811,0.002000093460083008
booth,10,5,1.0,125.51056749285982,135.7027895807987,4.076888835175555,0.002001047134399414
booth,10,5,1.5,27.15699814318615,63.11211047552387,0.13472561203274722,0.002000093460083008
booth,10,5,2.0,38.078913424693134,38.96577137296398,1.2427947780050685,0.0020003318786621094
booth,10,10,0.1,5.195628133467767,6.183334854552528,0.22086531701742645,0.004000425338745117
booth,10,10,0.2,1.3499742748925714,2.190715859978959,0.22989578451263432,0.003000497817993164
booth,10,10,0.5,5.948397670157142,7.08348206685559,0.6274053323855462,0.00400090217590332
booth,10,10,1.0,13.838640068529958,104.80923031330045,32.325424163532475,0.003000497817993164
booth,10,10,1.5,0.008401504382795508,2.309278314981369,0.7323193966472273,0.00400090217590332
booth,10,10,2.0,10.703166293806511,15.362329650769714,1.563597522366734,0.0030007362365722656
booth,10,20,0.1,13.572395022882274,14.371909154869742,0.2189235279900669,0.00600123405456543
booth,10,20,0.2,14.727353175390514,19.41230107007769,1.2501183781856429,0.006001472473144531
booth,10,20,0.5,11.26146633719253,21.626528635956966,2.656849522204055,0.006001949310302734
booth,10,20,1.0,1.3976340715268942,8.746906124117219,1.853370619670646,0.0060007572174072266
booth,10,20,1.5,9.838081326695946,21.79810417998827,2.6538129448359027,0.006001472473144531
booth,10,20,2.0,3.4161623215850208,21.971977217874755,4.265240750561875,0.006001472473144531
booth,10,50,0.1,4.5137329136963915,4.987933718510986,0.12390488956513247,0.014003992080688477
booth,10,50,0.2,0.3700183068570615,1.4447456538215695,0.31996680193365706,0.01400303840637207
booth,10,50,0.5,0.05115724436356317,1.3543729212055624,0.2956414685657988,0.01500248908996582
booth,10,50,1.0,0.14717900936843492,5.466873862798379,1.018504519436006,0.015003442764282227
booth,10,50,1.5,1.7699370063021622,36.70639708933264,5.19014825554292,0.01600360870361328
booth,10,50,2.0,0.2858694991567774,22.424004474106347,3.6335665745218213,0.015004396438598633
booth,10,100,0.1,0.18044566474905743,0.47201709051773255,0.04981145039308581,0.02700519561767578
booth,10,100,0.2,1.4256308452061206,2.470032556480104,0.16007581922583394,0.02700638771057129
booth,10,100,0.5,0.5822125937961142,9.80787960924323,1.8395344752412388,0.0290067195892334
booth,10,100,1.0,0.044831061246158134,4.5593975188537685,0.9668287978862672,0.031006574630737305
booth,10,100,1.5,0.005569576946750772,9.56858804715213,2.304744106302269,0.0290069580078125
booth,10,100,2.0,0.010447571221150947,24.328871559141646,4.234577137964979,0.02700662612915039
booth,20,5,0.1,51.72540078154307,51.72540078154307,0.6206939535797702,0.003999948501586914
booth,20,5,0.2,105.0534061445885,105.0534061445885,1.4210854715202004e-14,0.004002094268798828
booth,20,5,0.5,7.81604246745063,9.239401624926238,1.4474349908560038,0.005001068115234375
booth,20,5,1.0,0.389008491621716,1.3667456196105197,0.24081548913067127,0.00400090217590332
booth,20,5,1.5,113.23098611239719,183.59208233863023,29.44306452856852,0.003999948501586914
booth,20,5,2.0,54.577834733693884,58.576048496952595,1.5992855053034845,0.004001617431640625
booth,20,10,0.1,21.123566359377612,21.67801383232775,0.3679475011618254,0.007000923156738281
booth,20,10,0.2,50.42286046681536,67.48124824396908,1.4196542670827377,0.007001399993896484
booth,20,10,0.5,13.557861492879344,16.012330520313313,0.9734686474440081,0.007001638412475586
booth,20,10,1.0,2.2085421597654853,10.72830681113709,2.5543320902775553,0.00600123405456543
booth,20,10,1.5,0.13063858602196438,0.13063858602196438,0.0,0.007002115249633789
booth,20,10,2.0,1.73091035920964,14.526628223387608,3.8824517366619866,0.007001399993896484
booth,20,20,0.1,10.114597055825664,26.229676965801332,0.8907735292204665,0.011002302169799805
booth,20,20,0.2,0.0064282308292570355,0.1623768498353007,0.047386672184662054,0.01300358772277832
booth,20,20,0.5,2.755231248840603,4.845846661570569,0.5035810115014843,0.01200246810913086
booth,20,20,1.0,3.6948059733340317,11.944630078053633,1.5094767163338811,0.012002944946289062
booth,20,20,1.5,7.925314468609609,88.82142785140046,5.504922714652197,0.012002944946289062
booth,20,20,2.0,0.7300525358034671,7.074378301733949,1.6172282358533627,0.021004676818847656
booth,20,50,0.1,5.324857598826553,5.836303297890744,0.12010397364536284,0.03700852394104004
booth,20,50,0.2,0.013912943448152089,0.16505566498675844,0.03170874071080361,0.03100728988647461
booth,20,50,0.5,0.012106034088282657,0.9595133470029868,0.1753988776473959,0.03700733184814453
booth,20,50,1.0,0.005295257963078909,4.004808925701612,1.0013385599627973,0.0290069580078125
booth,20,50,1.5,0.05066874475446581,7.983480055747322,2.0870141718096624,0.027005910873413086
booth,20,50,2.0,0.42737489541799395,15.885808984623765,2.4140817847109837,0.028006315231323242
booth,20,100,0.1,0.003897325262933002,0.12408323758677761,0.021372565767274483,0.05501246452331543
booth,20,100,0.2,0.5699987612661574,1.0802937245680928,0.09356733739734452,0.0580136775970459
booth,20,100,0.5,0.001537634524997013,0.9856245141840008,0.17325650042027907,0.05501294136047363
booth,20,100,1.0,0.021681404564161757,6.988020209303857,1.1886352335465133,0.055011749267578125
booth,20,100,1.5,0.0004408951014861813,28.29770318521257,3.5871830968583915,0.05501270294189453
booth,20,100,2.0,0.12075042952339618,17.292014163692066,2.9924983803321132,0.05501222610473633
booth,50,5,0.1,8.643628037236104,9.484057695895569,0.0,0.01000213623046875
booth,50,5,0.2,16.4726470083232,42.62362449257694,1.5753888440564976,0.0040018558502197266
booth,50,5,0.5,31.060376822200944,33.584407340977435,2.0629797374059504,0.010002851486206055
booth,50,5,1.0,21.50338053695883,21.50338053695883,0.0,0.011002063751220703
booth,50,5,1.5,0.10542230366016803,1.9566211059484995,0.7404795209153326,0.013002157211303711
booth,50,5,2.0,2.3349151162379327,2.3349151162379327,0.0,0.012003660202026367
booth,50,10,0.1,2.1155008758163185,11.910790365185367,0.504760311599619,0.005001068115234375
booth,50,10,0.2,0.1730049332930539,0.5146658348869831,0.11112743700232108,0.017003774642944336
booth,50,10,0.5,51.82457232193445,65.2121958128585,3.516764402153914,0.00600123405456543
booth,50,10,1.0,0.09120335410346164,0.10888386883428872,0.0,0.01900339126586914
booth,50,10,1.5,3.5860182126393823,11.591146393645543,2.4767871201401293,0.01700425148010254
booth,50,10,2.0,35.05579680566432,69.8362254066759,7.97386816410649,0.009003877639770508
booth,50,20,0.1,25.939850475482217,34.503842966526776,0.21982882130368142,0.010000228881835938
booth,50,20,0.2,0.005101838041488235,0.13818105253146842,0.03153633456224019,0.030007123947143555
booth,50,20,0.5,0.0027216968945660788,0.4569034748908604,0.09877015084293957,0.03400826454162598
booth,50,20,1.0,0.19025305691487066,2.827237194655858,0.6178646316122721,0.03000664710998535
booth,50,20,1.5,0.026377052023713113,0.04362631499808044,0.007102864493838782,0.025005817413330078
booth,50,20,2.0,0.17485387065370084,3.9018945135178464,0.719405397643514,0.023005008697509766
booth,50,50,0.1,5.620354324585237,6.473599524652698,0.12398650956217959,0.0680241584777832
booth,50,50,0.2,0.0013356263158552431,0.15039527840526634,0.0329232924988411,0.0720071792602539
booth,50,50,0.5,0.0008084975934939751,0.6391376324879322,0.15109593510663852,0.08501911163330078
booth,50,50,1.0,0.0017524337550670094,2.8979034858668813,0.5764106587813245,0.09602165222167969
booth,50,50,1.5,0.004923188166409645,7.673600349975576,1.4116019673119193,0.04901123046875
booth,50,50,2.0,0.01998146293339083,17.82115487587184,4.267141395184841,0.08201837539672852
booth,50,100,0.1,1.7610039794629427e-05,0.04902979015969237,0.00653280493388021,0.14003229141235352
booth,50,100,0.2,9.72529821083485e-05,0.19328817356194422,0.03651158315355411,0.13804078102111816
booth,50,100,0.5,0.0005892310995472544,1.2219143363485931,0.32402582788952183,0.15602660179138184
booth,50,100,1.0,0.013930031662407926,5.0718047598692255,0.8756941383309857,0.13804006576538086
booth,50,100,1.5,0.0025843024971973208,10.970487775343667,2.103973867692462,0.07500958442687988
booth,50,100,2.0,0.00026339681062374765,49.75273855012078,5.750078960639536,0.1580338478088379
booth,100,5,0.1,60.414357477164835,60.414357477164835,0.624311402510859,0.024005651473999023
booth,100,5,0.2,10.69932595021011,10.981145458847767,0.0,0.01100301742553711
booth,100,5,0.5,0.13686166949967438,0.4817623149786634,0.1427785541370923,0.015003204345703125
booth,100,5,1.0,1.1456403439172127,1.4016303682078657,0.04772431461736497,0.016003847122192383
booth,100,5,1.5,0.6570678336534941,0.8806496018286589,0.08943270727006594,0.012003421783447266
booth,100,5,2.0,22.27852553038774,35.65874283340154,0.0,0.008002042770385742
booth,100,10,0.1,8.465274474331023,8.864146174894806,0.15938272198372125,0.03300642967224121
booth,100,10,0.2,2.4001995706194235,3.236530726892524,0.27813066283548,0.03400754928588867
booth,100,10,0.5,0.04269319219217584,0.06091056178712917,0.0039145164555113585,0.026006221771240234
booth,100,10,1.0,0.02094664563145505,3.3134757401802277,1.1204267029395696,0.020005464553833008
booth,100,10,1.5,1.6899546444064852,9.352101100639954,2.179246892287172,0.01301121711730957
booth,100,10,2.0,0.0037368696921837603,3.5731971652594,1.1679258679952764,0.011993408203125
booth,100,20,0.1,9.26737365147233,9.701678392978016,0.13340463102969324,0.05701279640197754
booth,100,20,0.2,0.003568403582158302,0.12730453678738807,0.029347383572654016,0.04501056671142578
booth,100,20,0.5,0.003472683165156456,1.0677677693344556,0.2960021062805695,0.026006460189819336
booth,100,20,1.0,0.0503568783333045,9.082717935800442,2.291535300592317,0.06401348114013672
booth,100,20,1.5,0.0005558805855745366,0.7512391780232776,0.16310763444217316,0.06601500511169434
booth,100,20,2.0,0.020281271631894558,11.80049028523072,2.5624020292698733,0.020004987716674805
booth,100,50,0.1,3.6377008833344735e-05,0.042104020910294054,0.010816304677101799,0.16803836822509766
booth,100,50,0.2,0.0001771761150006995,0.19716021722901209,0.04038710264647123,0.15703511238098145
booth,100,50,0.5,0.0010788481157225777,0.7195503703820716,0.15261828324492452,0.16203641891479492
booth,100,50,1.0,0.00031292766271507916,4.613385696228183,1.0121425289840833,0.06301522254943848
booth,100,50,1.5,0.0005540315285140612,10.777728837019426,2.003959965076078,0.06001424789428711
booth,100,50,2.0,0.04852009014659579,16.66170451297891,4.418425980513585,0.09402084350585938
booth,100,100,0.1,0.00010389639613849314,0.14516990667575058,0.017776647214567464,0.15503573417663574
booth,100,100,0.2,4.416393302210418,7.15977391128254,0.3095838302572954,0.04400944709777832
booth,100,100,0.5,0.0004410389659499338,0.9494702103383483,0.1510364165156545,0.07601761817932129
booth,100,100,1.0,0.0028088758318310803,5.034383950465159,1.1945973336166846,0.12802791595458984
booth,100,100,1.5,0.005578700583355526,19.362528463839002,2.5589511220024765,0.2320537567138672
booth,100,100,2.0,0.0025532054560291487,17.919923055995262,2.4360397831067178,0.10802388191223145
levi,5,5,0.1,71.75376695431383,98.23692007369803,4.894574165937064,0.0020008087158203125
levi,5,5,0.2,15.533624774707418,28.497754293117403,0.6308541575298487,0.003000497817993164
levi,5,5,0.5,9.881613782894727,9.881613782894727,0.02626397312151809,0.0020003318786621094
levi,5,5,1.0,45.0100542618125,45.62060342935753,0.24421966701801237,0.002000570297241211
levi,5,5,1.5,15.600992819662824,18.71672825046269,0.0,0.0020003318786621094
levi,5,5,2.0,4.234518392134006,4.234518392134006,0.0,0.001001119613647461
levi,5,10,0.1,1.363996876653773,2.063225769189216,0.3154462339497158,0.004000186920166016
levi,5,10,0.2,2.239881078917703,2.484448586888676,0.10063551784914224,0.004000663757324219
levi,5,10,0.5,14.720902931817925,20.16634736134156,2.5142945079426653,0.0050013065338134766
levi,5,10,1.0,4.155038838854375,7.291796135893918,1.477011741133557,0.003000497817993164
levi,5,10,1.5,0.7409675534538923,5.342286195444656,1.340719856576337,0.0040013790130615234
levi,5,10,2.0,3.7877228604394944,7.552817619687319,1.4313586462374863,0.005000591278076172
levi,5,20,0.1,3.37862879685965,7.832073055978226,0.08006901434741061,0.0050013065338134766
levi,5,20,0.2,2.0895999836854595,3.0244937060148516,0.33320591822554174,0.004001140594482422
levi,5,20,0.5,5.678590819363054,13.221440472231677,1.3812165336464512,0.005001068115234375
levi,5,20,1.0,4.27253650154937,7.247378409950455,1.1421713003448744,0.00500178337097168
levi,5,20,1.5,0.9320787641265003,4.38260559111993,0.9995544573036994,0.004000663757324219
levi,5,20,2.0,0.7599133134602327,2.397143907943393,0.5998001662743415,0.004001140594482422
levi,5,50,0.1,0.1212284968537142,1.8105900316398666,0.29430119263049265,0.01000213623046875
levi,5,50,0.2,1.194044591118532,4.558719059216622,1.1631203775662775,0.010001897811889648
levi,5,50,0.5,0.5271382440056745,3.579607966742007,0.7918043822190517,0.010002374649047852
levi,5,50,1.0,1.178616317608885,16.496198049367788,3.9885390414672015,0.013002872467041016
levi,5,50,1.5,0.551020351896702,12.29991916373326,1.8487682743489353,0.009002685546875
levi,5,50,2.0,0.6752295857114803,13.428851841221697,2.7492903037998406,0.009001493453979492
levi,5,100,0.1,0.00500956049858175,5.707100389419132,1.3376747486802816,0.017004728317260742
levi,5,100,0.2,0.8591044850120745,7.86954741842016,1.6428468628170094,0.018002748489379883
levi,5,100,0.5,0.6630774965229007,4.95658122840747,0.7516283552423966,0.017004013061523438
levi,5,100,1.0,0.44518301929411397,7.261142526324035,1.5466796724149472,0.018004179000854492
levi,5,100,1.5,0.28792777470272024,8.046855742130639,1.2797903626774672,0.017004966735839844
levi,5,100,2.0,0.14737875877808054,14.317459973885194,1.567455350613643,0.01900315284729004
levi,10,5,0.1,1.2253823609242651,1.5563575200095774,0.0,0.0020008087158203125
levi,10,5,0.2,2.6691128380617757,22.021674072474983,2.4863384122580667,0.002000093460083008
levi,10,5,0.5,25.819312425276152,84.99759588001899,16.170709361787942,0.003000497817993164
levi,10,5,1.0,9.252174425685723,10.239454841926019,0.39491216649611827,0.0020008087158203125
levi,10,5,1.5,15.670453669551481,15.670453669551481,3.7454251824763896,0.0030007362365722656
levi,10,5,2.0,11.147647850605884,13.298219430953802,0.6337026703004547,0.002000093460083008
levi,10,10,0.1,9.42047133334869,9.632573477732924,0.06592364912700586,0.0050013065338134766
levi,10,10,0.2,0.7716884631102152,2.106275515418021,0.39638326784036115,0.004001617431640625
levi,10,10,0.5,5.6194486711527585,9.932750400032237,1.4542992284894196,0.004001140594482422
levi,10,10,1.0,10.116884690177063,11.210827503891016,0.4463777433760868,0.004001140594482422
levi,10,10,1.5,12.448652965571874,13.225190843435973,0.23296136335922968,0.005001068115234375
levi,10,10,2.0,0.08430158898152142,3.007090081243157,0.9015708346003592,0.00400090217590332
levi,10,20,0.1,0.5110929440484857,1.4670612203321314,0.20690927535049447,0.008002281188964844
levi,10,20,0.2,5.436488324793546,9.120067358617018,0.6923074949911379,0.007000923156738281
levi,10,20,0.5,0.5625586637951726,1.1199759645901866,0.18639427456069038,0.007002115249633789
levi,10,20,1.0,0.2012793304812684,2.2066987789398396,0.4735785113026618,0.008001327514648438
levi,10,20,1.5,0.12757265400545242,3.5740913275085933,0.9574731051362397,0.007001161575317383
levi,10,20,2.0,0.5519489164206495,3.6996037703957327,1.1156449208396824,0.00800180435180664
levi,10,50,0.1,1.0829719356191274,2.193562996085676,0.23558937766697383,0.01800370216369629
levi,10,50,0.2,0.08652744017143486,0.9520010440020152,0.1338810971487975,0.018004417419433594
levi,10,50,0.5,0.14969713728849401,1.7057831066618494,0.23965320431875184,0.019003868103027344
levi,10,50,1.0,0.20269422808330914,2.829877586640425,0.4328067348380969,0.020004749298095703
levi,10,50,1.5,0.003080025622049249,3.5064324008154486,0.7721355073824273,0.021004676818847656
levi,10,50,2.0,0.32123692119983643,10.430013592560595,1.9315358710492758,0.020004749298095703
levi,10,100,0.1,0.12599542068548156,0.6949298477102664,0.10021109256832997,0.03700995445251465
levi,10,100,0.2,1.0920333271483682,2.3002124623029516,0.3103271297919932,0.03800702095031738
levi,10,100,0.5,0.11119520644103648,1.5640597869449004,0.29547117785010296,0.04401040077209473
levi,10,100,1.0,0.013256330171969458,3.0396018738296076,0.411280834471276,0.04200935363769531
levi,10,100,1.5,0.08830832109082906,6.252040192694668,1.0948094683346725,0.036008358001708984
levi,10,100,2.0,0.06656140039204844,8.517068918682465,1.3915640488681424,0.035007476806640625
levi,20,5,0.1,15.111066764095359,15.111066764095359,0.0,0.005002021789550781
levi,20,5,0.2,57.848866696615254,60.47980368013233,0.7867906538723771,0.005000591278076172
levi,20,5,0.5,6.876593283957121,6.876593283957121,0.530598585681226,0.005002021789550781
levi,20,5,1.0,0.2936930218434714,1.216157208680967,0.36898567473499827,0.004999876022338867
levi,20,5,1.5,61.396234024380924,83.8254362493287,0.7041467734532947,0.00400090217590332
levi,20,5,2.0,0.5834294752833208,1.2944666663555144,0.0,0.0050013065338134766
levi,20,10,0.1,5.583080851366582,8.391441478795707,0.9615020820995678,0.00800180435180664
levi,20,10,0.2,0.5099816315394644,1.86169051664236,0.38535816734804573,0.008002758026123047
levi,20,10,0.5,0.1759671111828543,1.7271334773916673,0.4463608583266934,0.008000850677490234
levi,20,10,1.0,0.1397306772087803,0.2967150384704051,0.06279374450464992,0.00800180435180664
levi,20,10,1.5,0.8084336739570744,0.8084336739570744,0.0,0.00800180435180664
levi,20,10,2.0,0.47196070504982535,1.7708891349370817,0.44598985657774565,0.008002758026123047
levi,20,20,0.1,1.7048241561325366,2.305538048767277,0.19006329467721475,0.014002084732055664
levi,20,20,0.2,0.0014406424262048464,1.0557046117350275,0.22893247012301546,0.014003276824951172
levi,20,20,0.5,0.003337445659689379,1.296262468275309,0.33328272094077993,0.014003276824951172
levi,20,20,1.0,0.07387533496009809,1.1310208051200994,0.3012021188764157,0.01400303840637207
levi,20,20,1.5,0.03191383430961349,1.5591093616017786,0.405286392374931,0.015004396438598633
levi,20,20,2.0,0.09159008789489136,5.055897256164753,1.4492552818547944,0.014002084732055664
levi,20,50,0.1,0.10996018185825131,0.802450390335669,0.16690101385480086,0.03300786018371582
levi,20,50,0.2,0.0012851318558289354,1.0213413853958577,0.2156830720827972,0.03600740432739258
levi,20,50,0.5,0.11518668078453949,1.4570108275899571,0.2463906733136305,0.03600883483886719
levi,20,50,1.0,0.13246234727936598,1.6999940069402362,0.37357838778538466,0.046010494232177734
levi,20,50,1.5,0.0016467696209776336,2.5298613046739105,0.42600607942490776,0.03700900077819824
levi,20,50,2.0,0.006396458288964544,5.735820398229113,1.3554914303543975,0.03300666809082031
levi,20,100,0.1,0.10991764518003591,0.7862946917830561,0.09508621995532265,0.07101678848266602
levi,20,100,0.2,0.0003369763990205847,0.9972803678938573,0.1521689184553237,0.08501887321472168
levi,20,100,0.5,0.001118759361758282,0.9233960820738658,0.16540433615580047,0.0690157413482666
levi,20,100,1.0,0.008872364560988971,1.7313128184353628,0.32919309042522993,0.0660243034362793
levi,20,100,1.5,0.0026021123399549892,3.938308237440646,0.7326579811255123,0.06700634956359863
levi,20,100,2.0,0.13146773339634796,6.44197477791237,1.0389340526939546,0.06601500511169434
levi,50,5,0.1,17.332640318533745,17.332640318533745,0.0,0.009001493453979492
levi,50,5,0.2,0.19243049384129451,1.0367640283410546,0.33773341379990407,0.012004375457763672
levi,50,5,0.5,1.2848359510907224,1.2848359510907224,0.0,0.012001514434814453
levi,50,5,1.0,1.4680459290654269,2.8147373930714377,0.530784177572757,0.012001991271972656
levi,50,5,1.5,0.17351153889556006,0.17351153889556006,0.0,0.012012243270874023
levi,50,5,2.0,0.18650642046217258,8.095333207146123,3.1635307146735796,0.010994195938110352
levi,50,10,0.1,2.2244263544800984,2.2245654010219633,5.561861674596713e-05,0.0200045108795166
levi,50,10,0.2,17.62190917747594,23.923005871493405,0.4730497506427835,0.006000995635986328
levi,50,10,0.5,0.004078338953808024,1.0209683636610918,0.40416533077377576,0.02001333236694336
levi,50,10,1.0,25.74950355107722,33.94506143886862,1.3666752438153467,0.016994953155517578
levi,50,10,1.5,0.13845976883662411,5.116798549864137,1.3567980673703424,0.01700448989868164
levi,50,10,2.0,0.009239438355816953,2.3129377735023327,0.6911095005439546,0.02100515365600586
levi,50,20,0.1,0.10995534605195714,0.5828245379873613,0.10359623717034709,0.018004179000854492
levi,50,20,0.2,5.75293725554157,9.912499656155806,0.9049039056189563,0.032006025314331055
levi,50,20,0.5,0.03504317168959067,0.9144965258037785,0.19156755547624685,0.03500771522521973
levi,50,20,1.0,8.010832238805466e-05,1.7032395912692164,0.4337116419837706,0.02800750732421875
levi,50,20,1.5,0.004049237513791769,1.1615340598785524,0.33177220401651975,0.03700733184814453
levi,50,20,2.0,0.028247145805326113,6.081588904112651,1.3665119798829022,0.015003681182861328
levi,50,50,0.1,3.7922864278188917,5.537574226771012,0.164170187777366,0.028006553649902344
levi,50,50,0.2,0.1099420236813265,0.9441694296570134,0.14454093221565087,0.0370173454284668
levi,50,50,0.5,2.285926712215815e-05,0.36614051957446725,0.07141472911285775,0.08400940895080566
levi,50,50,1.0,0.00024163309117291958,3.2008199606563177,0.6238644612489196,0.10302424430847168
levi,50,50,1.5,0.00392231456193328,2.4756322624314593,0.5189067835831889,0.11102485656738281
levi,50,50,2.0,0.0549665886586698,4.477069333710215,0.9108377704742352,0.08501958847045898
levi,50,100,0.1,0.1098783318396849,0.6309981634707724,0.09907927570773173,0.18304133415222168
levi,50,100,0.2,0.10989729072931564,1.0200362779913943,0.17138883747960945,0.14803433418273926
levi,50,100,0.5,0.0007872098538202457,1.2194366796138565,0.2051878780282968,0.14803409576416016
levi,50,100,1.0,0.0002769836465193125,1.8965417519907526,0.40596944329621915,0.10202217102050781
levi,50,100,1.5,0.0015121195380212217,3.137725736072884,0.6512308606055908,0.11502599716186523
levi,50,100,2.0,0.001205703253422472,7.614146442886836,1.288259534329779,0.1380314826965332
levi,100,5,0.1,14.740471507328238,16.52802463162984,0.0,0.0040013790130615234
levi,100,5,0.2,5.032052312577334,6.427994119550055,0.5328428326236576,0.007001161575317383
levi,100,5,0.5,0.016477702299941124,0.680480007901378,0.22442632954033795,0.021004915237426758
levi,100,5,1.0,0.3149848294815122,0.39751414432688426,0.03301172593814883,0.0050008296966552734
levi,100,5,1.5,0.08024044326437034,1.8851314556070826,0.6771205313415636,0.01900506019592285
levi,100,5,2.0,0.41519439159445987,2.032059172559881,0.6467459123861684,0.014003515243530273
levi,100,10,0.1,29.58028015973185,71.88023210257865,0.9809878996850271,0.007001161575317383
levi,100,10,0.2,2.9442495633369936,5.359159437237477,0.7213426588357882,0.020003557205200195
levi,100,10,0.5,2.5338733458199827,10.217947927229783,1.729284914863544,0.009002208709716797
levi,100,10,1.0,9.479805000641704,32.933642568124675,5.84983243943178,0.007001638412475586
levi,100,10,1.5,0.09559676142803201,1.9031349059952993,0.71691444215394,0.015003681182861328
levi,100,10,2.0,0.22982119397562734,0.22982119397562734,0.0,0.01300358772277832
levi,100,20,0.1,1.4149198618730647,4.833024128000577,0.5082551799208591,0.013002157211303711
levi,100,20,0.2,2.9478348595031423,5.728523378401116,0.8731413711299864,0.06801581382751465
levi,100,20,0.5,0.00854272535382244,0.6280532766991103,0.1354051108241036,0.05501246452331543
levi,100,20,1.0,5.324147709773767e-05,1.1482213277195163,0.33689428693084267,0.03200721740722656
levi,100,20,1.5,0.008291592207025172,0.5428978384936919,0.122549604311901,0.03900933265686035
levi,100,20,2.0,0.15596639220703382,5.9770079419872015,1.5169561510417218,0.020003318786621094
levi,100,50,0.1,2.43848729336536,2.968509395074096,0.10067759462506817,0.14403367042541504
levi,100,50,0.2,2.438489802172977,5.923078047816451,0.5272497870290828,0.08101820945739746
levi,100,50,0.5,0.0013971043665362678,0.6162389409453501,0.13954756364625023,0.08201885223388672
levi,100,50,1.0,0.018271683459501184,1.1814442867905581,0.31465718123736347,0.05201101303100586
levi,100,50,1.5,0.1842908408145843,3.6703676151516134,0.48935497760544294,0.04400992393493652
levi,100,50,2.0,0.11882795548350457,9.43113525472716,1.5500052489242748,0.0670158863067627
levi,100,100,0.1,1.7582049327480322,2.6065349504591317,0.14255991617237618,0.13402986526489258
levi,100,100,0.2,0.10987459769465954,1.2384083535454367,0.15154783166324437,0.1690382957458496
levi,100,100,0.5,0.0010824351984848992,1.201693940517701,0.22145394316696385,0.12602853775024414
levi,100,100,1.0,3.0909311184699053e-05,1.7025175192082842,0.30889581194239896,0.14303350448608398
levi,100,100,1.5,0.011535107698452193,3.737135360946648,0.6886443344519283,0.1360304355621338
levi,100,100,2.0,0.009725493523318161,4.407460084201256,0.9904646944340051,0.09102106094360352
